VOLT1        ,CURR1        ,RES1         ,TIME1        ,STAT1     ,SOUR1        
-1.994420E+00,-7.015980E-05,+9.910000E+37,+1.870500E-02,      2688,-2.000000E+00
-1.987835E+00,-6.509470E-05,+9.910000E+37,+2.129700E-02,      2688,-1.990000E+00
-1.977850E+00,-6.535540E-05,+9.910000E+37,+2.365900E-02,      2688,-1.980000E+00
-1.967794E+00,-6.467590E-05,+9.910000E+37,+2.600500E-02,      2688,-1.970000E+00
-1.957836E+00,-6.461590E-05,+9.910000E+37,+2.836100E-02,      2688,-1.960000E+00
-1.947813E+00,-6.431680E-05,+9.910000E+37,+3.070100E-02,      2688,-1.950000E+00
-1.937641E+00,-6.332670E-05,+9.910000E+37,+3.304600E-02,      2688,-1.940000E+00
-1.927737E+00,-6.312170E-05,+9.910000E+37,+3.540200E-02,      2688,-1.930000E+00
-1.917692E+00,-6.304550E-05,+9.910000E+37,+3.773700E-02,      2688,-1.920000E+00
-1.907621E+00,-6.262670E-05,+9.910000E+37,+4.006900E-02,      2688,-1.910000E+00
-1.897620E+00,-6.286730E-05,+9.910000E+37,+4.243500E-02,      2688,-1.900000E+00
-1.887612E+00,-6.227980E-05,+9.910000E+37,+4.479700E-02,      2688,-1.890000E+00
-1.877619E+00,-6.167100E-05,+9.910000E+37,+4.713000E-02,      2688,-1.880000E+00
-1.867484E+00,-6.151410E-05,+9.910000E+37,+4.947600E-02,      2688,-1.870000E+00
-1.857553E+00,-6.074150E-05,+9.910000E+37,+5.181500E-02,      2688,-1.860000E+00
-1.847443E+00,-6.011980E-05,+9.910000E+37,+5.415100E-02,      2688,-1.850000E+00
-1.837403E+00,-6.030870E-05,+9.910000E+37,+5.651300E-02,      2688,-1.840000E+00
-1.827439E+00,-5.983070E-05,+9.910000E+37,+5.885500E-02,      2688,-1.830000E+00
-1.817318E+00,-5.969630E-05,+9.910000E+37,+6.119400E-02,      2688,-1.820000E+00
-1.807379E+00,-5.973490E-05,+9.910000E+37,+6.354200E-02,      2688,-1.810000E+00
-1.797394E+00,-5.924850E-05,+9.910000E+37,+6.588100E-02,      2688,-1.800000E+00
-1.787329E+00,-5.885160E-05,+9.910000E+37,+6.821500E-02,      2688,-1.790000E+00
-1.777441E+00,-5.863830E-05,+9.910000E+37,+7.056500E-02,      2688,-1.780000E+00
-1.767345E+00,-5.814730E-05,+9.910000E+37,+7.289700E-02,      2688,-1.770000E+00
-1.757303E+00,-5.725540E-05,+9.910000E+37,+7.522500E-02,      2688,-1.760000E+00
-1.747369E+00,-5.754530E-05,+9.910000E+37,+7.757300E-02,      2688,-1.750000E+00
-1.737393E+00,-5.727380E-05,+9.910000E+37,+7.990500E-02,      2688,-1.740000E+00
-1.727493E+00,-5.738360E-05,+9.910000E+37,+8.227400E-02,      2688,-1.730000E+00
-1.718850E+00,-5.888890E-05,+9.910000E+37,+8.505500E-02,      2688,-1.720000E+00
-1.707569E+00,-5.607870E-05,+9.910000E+37,+8.742600E-02,      2688,-1.710000E+00
-1.697415E+00,-5.675710E-05,+9.910000E+37,+8.979100E-02,      2688,-1.700000E+00
-1.687491E+00,-5.568470E-05,+9.910000E+37,+9.214300E-02,      2688,-1.690000E+00
-1.677344E+00,-5.492830E-05,+9.910000E+37,+9.448100E-02,      2688,-1.680000E+00
-1.667421E+00,-5.512400E-05,+9.910000E+37,+9.683500E-02,      2688,-1.670000E+00
-1.660685E+00,-5.489570E-05,+9.910000E+37,+1.010060E-01,      2688,-1.660000E+00
-1.647051E+00,-5.354010E-05,+9.910000E+37,+1.033600E-01,      2688,-1.650000E+00
-1.637158E+00,-5.421720E-05,+9.910000E+37,+1.057100E-01,      2688,-1.640000E+00
-1.627253E+00,-5.362900E-05,+9.910000E+37,+1.080410E-01,      2688,-1.630000E+00
-1.617221E+00,-5.299450E-05,+9.910000E+37,+1.103670E-01,      2688,-1.620000E+00
-1.607175E+00,-5.274400E-05,+9.910000E+37,+1.127080E-01,      2688,-1.610000E+00
-1.597203E+00,-5.257800E-05,+9.910000E+37,+1.150550E-01,      2688,-1.600000E+00
-1.587260E+00,-5.161820E-05,+9.910000E+37,+1.173970E-01,      2688,-1.590000E+00
-1.577149E+00,-5.194280E-05,+9.910000E+37,+1.197420E-01,      2688,-1.580000E+00
-1.567193E+00,-5.180300E-05,+9.910000E+37,+1.220940E-01,      2688,-1.570000E+00
-1.557168E+00,-5.095610E-05,+9.910000E+37,+1.244300E-01,      2688,-1.560000E+00
-1.547032E+00,-5.104470E-05,+9.910000E+37,+1.267800E-01,      2688,-1.550000E+00
-1.537091E+00,-5.110720E-05,+9.910000E+37,+1.291310E-01,      2688,-1.540000E+00
-1.527208E+00,-4.995210E-05,+9.910000E+37,+1.314620E-01,      2688,-1.530000E+00
-1.517007E+00,-4.979380E-05,+9.910000E+37,+1.338150E-01,      2688,-1.520000E+00
-1.507060E+00,-4.953810E-05,+9.910000E+37,+1.361510E-01,      2688,-1.510000E+00
-1.497230E+00,-4.964770E-05,+9.910000E+37,+1.385480E-01,      2688,-1.500000E+00
-1.487168E+00,-4.895920E-05,+9.910000E+37,+1.409060E-01,      2688,-1.490000E+00
-1.477066E+00,-4.836440E-05,+9.910000E+37,+1.432370E-01,      2688,-1.480000E+00
-1.467028E+00,-4.812750E-05,+9.910000E+37,+1.455700E-01,      2688,-1.470000E+00
-1.456975E+00,-4.781800E-05,+9.910000E+37,+1.479090E-01,      2688,-1.460000E+00
-1.447004E+00,-4.780910E-05,+9.910000E+37,+1.502550E-01,      2688,-1.450000E+00
-1.437080E+00,-4.694680E-05,+9.910000E+37,+1.525850E-01,      2688,-1.440000E+00
-1.427015E+00,-4.659810E-05,+9.910000E+37,+1.549330E-01,      2688,-1.430000E+00
-1.416899E+00,-4.620680E-05,+9.910000E+37,+1.572660E-01,      2688,-1.420000E+00
-1.407030E+00,-4.587160E-05,+9.910000E+37,+1.596040E-01,      2688,-1.410000E+00
-1.396968E+00,-4.576590E-05,+9.910000E+37,+1.619550E-01,      2688,-1.400000E+00
-1.386918E+00,-4.566080E-05,+9.910000E+37,+1.642980E-01,      2688,-1.390000E+00
-1.377051E+00,-4.483250E-05,+9.910000E+37,+1.666350E-01,      2688,-1.380000E+00
-1.366938E+00,-4.452770E-05,+9.910000E+37,+1.689780E-01,      2688,-1.370000E+00
-1.356784E+00,-4.428720E-05,+9.910000E+37,+1.713230E-01,      2688,-1.360000E+00
-1.347099E+00,-4.317840E-05,+9.910000E+37,+1.736620E-01,      2688,-1.350000E+00
-1.336912E+00,-4.272990E-05,+9.910000E+37,+1.760100E-01,      2688,-1.340000E+00
-1.326611E+00,-4.458340E-05,+9.910000E+37,+1.784270E-01,      2688,-1.330000E+00
-1.317343E+00,-4.243270E-05,+9.910000E+37,+1.807610E-01,      2688,-1.320000E+00
-1.306950E+00,-4.202480E-05,+9.910000E+37,+1.831090E-01,      2688,-1.310000E+00
-1.297271E+00,-4.192480E-05,+9.910000E+37,+1.855900E-01,      2688,-1.300000E+00
-1.286999E+00,-4.107130E-05,+9.910000E+37,+1.879240E-01,      2688,-1.290000E+00
-1.276628E+00,-4.133300E-05,+9.910000E+37,+1.902720E-01,      2688,-1.280000E+00
-1.266911E+00,-4.045680E-05,+9.910000E+37,+1.926200E-01,      2688,-1.270000E+00
-1.256766E+00,-3.980600E-05,+9.910000E+37,+1.949660E-01,      2688,-1.260000E+00
-1.246477E+00,-4.015840E-05,+9.910000E+37,+1.973200E-01,      2688,-1.250000E+00
-1.236818E+00,-3.953980E-05,+9.910000E+37,+1.996610E-01,      2688,-1.240000E+00
-1.226832E+00,-3.914180E-05,+9.910000E+37,+2.019970E-01,      2688,-1.230000E+00
-1.216523E+00,-3.949530E-05,+9.910000E+37,+2.043530E-01,      2688,-1.220000E+00
-1.206888E+00,-3.865550E-05,+9.910000E+37,+2.066940E-01,      2688,-1.210000E+00
-1.196775E+00,-3.841780E-05,+9.910000E+37,+2.090360E-01,      2688,-1.200000E+00
-1.186626E+00,-3.829920E-05,+9.910000E+37,+2.113800E-01,      2688,-1.190000E+00
-1.176937E+00,-3.729640E-05,+9.910000E+37,+2.137210E-01,      2688,-1.180000E+00
-1.166815E+00,-3.697460E-05,+9.910000E+37,+2.160630E-01,      2688,-1.170000E+00
-1.156641E+00,-3.718760E-05,+9.910000E+37,+2.184080E-01,      2688,-1.160000E+00
-1.146856E+00,-3.677390E-05,+9.910000E+37,+2.207470E-01,      2688,-1.150000E+00
-1.136868E+00,-3.646140E-05,+9.910000E+37,+2.230900E-01,      2688,-1.140000E+00
-1.126529E+00,-3.658580E-05,+9.910000E+37,+2.254420E-01,      2688,-1.130000E+00
-1.116858E+00,-3.567650E-05,+9.910000E+37,+2.277720E-01,      2688,-1.120000E+00
-1.106880E+00,-3.528780E-05,+9.910000E+37,+2.301130E-01,      2688,-1.110000E+00
-1.096543E+00,-3.538990E-05,+9.910000E+37,+2.324710E-01,      2688,-1.100000E+00
-1.087057E+00,-3.415950E-05,+9.910000E+37,+2.348120E-01,      2688,-1.090000E+00
-1.076905E+00,-3.367160E-05,+9.910000E+37,+2.371540E-01,      2688,-1.080000E+00
-1.066552E+00,-3.410830E-05,+9.910000E+37,+2.395070E-01,      2688,-1.070000E+00
-1.057012E+00,-3.338560E-05,+9.910000E+37,+2.418450E-01,      2688,-1.060000E+00
-1.046972E+00,-3.291520E-05,+9.910000E+37,+2.441980E-01,      2688,-1.050000E+00
-1.036617E+00,-3.302450E-05,+9.910000E+37,+2.465480E-01,      2688,-1.040000E+00
-1.027128E+00,-3.204820E-05,+9.910000E+37,+2.488790E-01,      2688,-1.030000E+00
-1.017031E+00,-3.155560E-05,+9.910000E+37,+2.512160E-01,      2688,-1.020000E+00
-1.006579E+00,-3.164750E-05,+9.910000E+37,+2.535780E-01,      2688,-1.010000E+00
-9.969910E-01,-3.077780E-05,+9.910000E+37,+2.559250E-01,      2688,-1.000000E+00
-9.870790E-01,-3.013930E-05,+9.910000E+37,+2.582650E-01,      2688,-9.900000E-01
-9.767450E-01,-3.034890E-05,+9.910000E+37,+2.606060E-01,      2688,-9.800000E-01
-9.671100E-01,-2.974890E-05,+9.910000E+37,+2.629460E-01,      2688,-9.700000E-01
-9.571670E-01,-2.921590E-05,+9.910000E+37,+2.652830E-01,      2688,-9.600000E-01
-9.469750E-01,-2.899530E-05,+9.910000E+37,+2.676180E-01,      2688,-9.500000E-01
-9.371190E-01,-2.862320E-05,+9.910000E+37,+2.699570E-01,      2688,-9.400000E-01
-9.273860E-01,-2.775910E-05,+9.910000E+37,+2.722840E-01,      2688,-9.300000E-01
-9.160130E-01,-2.974640E-05,+9.910000E+37,+2.747050E-01,      2688,-9.200000E-01
-9.114820E-01,-3.050360E-05,+9.910000E+37,+2.780110E-01,      2688,-9.100000E-01
-8.981180E-01,-2.707610E-05,+9.910000E+37,+2.803870E-01,      2688,-9.000000E-01
-8.869380E-01,-2.707670E-05,+9.910000E+37,+2.827360E-01,      2688,-8.900000E-01
-8.773150E-01,-2.649430E-05,+9.910000E+37,+2.850830E-01,      2688,-8.800000E-01
-8.669790E-01,-2.734780E-05,+9.910000E+37,+2.875560E-01,      2688,-8.700000E-01
-8.571530E-01,-2.620480E-05,+9.910000E+37,+2.899090E-01,      2688,-8.600000E-01
-8.474720E-01,-2.509990E-05,+9.910000E+37,+2.922510E-01,      2688,-8.500000E-01
-8.371380E-01,-2.536350E-05,+9.910000E+37,+2.946960E-01,      2688,-8.400000E-01
-8.274810E-01,-2.425600E-05,+9.910000E+37,+2.970440E-01,      2688,-8.300000E-01
-8.176080E-01,-2.384980E-05,+9.910000E+37,+2.993800E-01,      2688,-8.200000E-01
-8.074270E-01,-2.367660E-05,+9.910000E+37,+3.017180E-01,      2688,-8.100000E-01
-7.978350E-01,-2.310130E-05,+9.910000E+37,+3.040510E-01,      2688,-8.000000E-01
-7.877840E-01,-2.269810E-05,+9.910000E+37,+3.063880E-01,      2688,-7.900000E-01
-7.775030E-01,-2.256330E-05,+9.910000E+37,+3.087460E-01,      2688,-7.800000E-01
-7.678620E-01,-2.191370E-05,+9.910000E+37,+3.110900E-01,      2688,-7.700000E-01
-7.582640E-01,-2.110060E-05,+9.910000E+37,+3.134180E-01,      2688,-7.600000E-01
-7.479200E-01,-2.086320E-05,+9.910000E+37,+3.157720E-01,      2688,-7.500000E-01
-7.382480E-01,-2.035170E-05,+9.910000E+37,+3.181070E-01,      2688,-7.400000E-01
-7.282760E-01,-2.022770E-05,+9.910000E+37,+3.204460E-01,      2688,-7.300000E-01
-7.179870E-01,-2.025670E-05,+9.910000E+37,+3.228480E-01,      2688,-7.200000E-01
-7.085510E-01,-1.953750E-05,+9.910000E+37,+3.251870E-01,      2688,-7.100000E-01
-6.987950E-01,-1.897340E-05,+9.910000E+37,+3.275230E-01,      2688,-7.000000E-01
-6.887160E-01,-1.863700E-05,+9.910000E+37,+3.298560E-01,      2688,-6.900000E-01
-6.789850E-01,-1.801380E-05,+9.910000E+37,+3.321900E-01,      2688,-6.800000E-01
-6.691460E-01,-1.751920E-05,+9.910000E+37,+3.345200E-01,      2688,-6.700000E-01
-6.586740E-01,-1.726420E-05,+9.910000E+37,+3.368740E-01,      2688,-6.600000E-01
-6.488730E-01,-1.713120E-05,+9.910000E+37,+3.392270E-01,      2688,-6.500000E-01
-6.392670E-01,-1.680230E-05,+9.910000E+37,+3.415620E-01,      2688,-6.400000E-01
-6.295040E-01,-1.648540E-05,+9.910000E+37,+3.438950E-01,      2688,-6.300000E-01
-6.195360E-01,-1.611670E-05,+9.910000E+37,+3.462380E-01,      2688,-6.200000E-01
-6.098000E-01,-1.575110E-05,+9.910000E+37,+3.485750E-01,      2688,-6.100000E-01
-5.996720E-01,-1.535810E-05,+9.910000E+37,+3.509220E-01,      2688,-6.000000E-01
-5.900030E-01,-1.486580E-05,+9.910000E+37,+3.532600E-01,      2688,-5.900000E-01
-5.801060E-01,-1.447510E-05,+9.910000E+37,+3.555980E-01,      2688,-5.800000E-01
-5.700090E-01,-2.041700E-05,+9.910000E+37,+3.642680E-01,      3200,-5.700000E-01
-5.629300E-01,-1.692930E-05,+9.910000E+37,+3.698230E-01,      2688,-5.600000E-01
-5.506310E-01,-1.462380E-05,+9.910000E+37,+3.721730E-01,      2688,-5.500000E-01
-5.893220E-01,-2.486100E-05,+9.910000E+37,+3.784120E-01,      2688,-5.400000E-01
-5.442690E-01,-1.867240E-05,+9.910000E+37,+3.807590E-01,      2688,-5.300000E-01
-5.241530E-01,-1.582100E-05,+9.910000E+37,+3.831090E-01,      2688,-5.200000E-01
-5.118720E-01,-1.386710E-05,+9.910000E+37,+3.854560E-01,      2688,-5.100000E-01
-4.997770E-01,-2.051700E-05,+9.910000E+37,+3.938340E-01,      3200,-5.000000E-01
-4.925490E-01,-1.509530E-05,+9.910000E+37,+3.994180E-01,      2688,-4.900000E-01
-4.816160E-01,-1.281200E-05,+9.910000E+37,+4.017670E-01,      2688,-4.800000E-01
-5.172240E-01,-1.939510E-05,+9.910000E+37,+4.080230E-01,      2688,-4.700000E-01
-4.738210E-01,-1.886100E-05,+9.910000E+37,+4.103810E-01,      2688,-4.600000E-01
-4.544680E-01,-1.533810E-05,+9.910000E+37,+4.127220E-01,      2688,-4.500000E-01
-4.426340E-01,-1.238250E-05,+9.910000E+37,+4.150560E-01,      2688,-4.400000E-01
-4.692340E-01,-4.080750E-05,+9.910000E+37,+4.212980E-01,      2688,-4.300000E-01
-4.283650E-01,-2.675330E-05,+9.910000E+37,+4.236300E-01,      2688,-4.200000E-01
-4.121740E-01,-1.567620E-05,+9.910000E+37,+4.259710E-01,      2688,-4.100000E-01
-4.328680E-01,-3.770240E-05,+9.910000E+37,+4.322370E-01,      2688,-4.000000E-01
-3.962750E-01,-2.400530E-05,+9.910000E+37,+4.345800E-01,      2688,-3.900000E-01
-3.818220E-01,-1.340940E-05,+9.910000E+37,+4.369280E-01,      2688,-3.800000E-01
-3.964550E-01,-3.411800E-05,+9.910000E+37,+4.431770E-01,      2688,-3.700000E-01
-3.648240E-01,-2.142520E-05,+9.910000E+37,+4.455270E-01,      2688,-3.600000E-01
-3.517030E-01,-1.206760E-05,+9.910000E+37,+4.478660E-01,      2688,-3.500000E-01
-3.597860E-01,-2.954410E-05,+9.910000E+37,+4.541380E-01,      2688,-3.400000E-01
-3.332680E-01,-1.826350E-05,+9.910000E+37,+4.564680E-01,      2688,-3.300000E-01
-3.371090E-01,-1.901840E-05,+9.910000E+37,+4.627950E-01,      2688,-3.200000E-01
-3.147770E-01,-1.549750E-05,+9.910000E+37,+4.651410E-01,      2688,-3.100000E-01
-3.126200E-01,-2.419170E-05,+9.910000E+37,+4.713780E-01,      2688,-3.000000E-01
-2.923540E-01,-1.328430E-05,+9.910000E+37,+4.737400E-01,      2688,-2.900000E-01
-2.881420E-01,-1.982220E-05,+9.910000E+37,+4.799940E-01,      2688,-2.800000E-01
-2.723450E-01,-1.150900E-05,+9.910000E+37,+4.823310E-01,      2688,-2.700000E-01
-2.666430E-01,-1.437740E-05,+9.910000E+37,+4.886740E-01,      2688,-2.600000E-01
-2.529870E-01,-1.398500E-05,+9.910000E+37,+4.949370E-01,      2688,-2.500000E-01
-2.420210E-01,-1.318830E-05,+9.910000E+37,+5.011720E-01,      2688,-2.400000E-01
-2.312010E-01,-1.203590E-05,+9.910000E+37,+5.074380E-01,      2688,-2.300000E-01
-2.199030E-01,-1.042490E-05,+9.910000E+37,+5.137000E-01,      2688,-2.200000E-01
-2.098970E-01,-9.655370E-06,+9.910000E+37,+5.185000E-01,      2176,-2.100000E-01
-2.025740E-01,-1.087980E-05,+9.910000E+37,+5.674900E-01,      2688,-2.000000E-01
-1.892730E-01,-9.547290E-06,+9.910000E+37,+5.723480E-01,      2176,-1.900000E-01
-1.791280E-01,-8.449200E-06,+9.910000E+37,+5.765190E-01,      2688,-1.800000E-01
-1.692050E-01,-9.782500E-06,+9.910000E+37,+5.813290E-01,      2176,-1.700000E-01
-1.592270E-01,-7.693800E-06,+9.910000E+37,+5.851170E-01,      2688,-1.600000E-01
-1.493650E-01,-9.742540E-06,+9.910000E+37,+5.899250E-01,      2176,-1.500000E-01
-1.399800E-01,-6.070800E-06,+9.910000E+37,+5.937460E-01,      2688,-1.400000E-01
-1.296070E-01,-9.539680E-06,+9.910000E+37,+5.985620E-01,      2176,-1.300000E-01
-1.206410E-01,-5.962900E-06,+9.910000E+37,+6.023560E-01,      2688,-1.200000E-01
-1.098090E-01,-9.302720E-06,+9.910000E+37,+6.071710E-01,      2176,-1.100000E-01
-1.025140E-01,-5.611990E-06,+9.910000E+37,+6.095180E-01,      2176,-1.000000E-01
-9.294500E-02,-5.929480E-06,+9.910000E+37,+6.118560E-01,      2176,-9.000000E-02
-7.880600E-02,-3.848470E-06,+9.910000E+37,+6.160450E-01,      2176,-8.000000E-02
-7.316900E-02,-3.577270E-06,+9.910000E+37,+6.184100E-01,      2176,-7.000000E-02
-6.344800E-02,-3.958750E-06,+9.910000E+37,+6.207480E-01,      2176,-6.000000E-02
-5.361400E-02,-3.191120E-06,+9.910000E+37,+6.230890E-01,      2176,-5.000000E-02
-4.359700E-02,-1.643890E-06,+9.910000E+37,+6.254420E-01,      2176,-4.000000E-02
-3.415000E-02,-2.143510E-06,+9.910000E+37,+6.277840E-01,      2176,-3.000000E-02
-2.404600E-02,-1.817880E-06,+9.910000E+37,+6.301220E-01,      2176,-2.000000E-02
-1.366400E-02,-2.070600E-07,+9.910000E+37,+6.324640E-01,      2176,-1.000000E-02
-4.067000E-03,-5.499200E-07,+9.910000E+37,+6.347700E-01,      2176,+0.000000E+00
+6.316000E-03,+3.505800E-07,+9.910000E+37,+6.370860E-01,      2176,+1.000000E-02
+1.639900E-02,+1.411960E-06,+9.910000E+37,+6.394160E-01,      2176,+2.000000E-02
+2.671700E-02,+2.300980E-06,+9.910000E+37,+6.418210E-01,      2176,+3.000000E-02
+3.687000E-02,+1.644490E-06,+9.910000E+37,+6.441760E-01,      2176,+4.000000E-02
+4.739700E-02,+3.539380E-06,+9.910000E+37,+6.465290E-01,      2176,+5.000000E-02
+5.790100E-02,+3.203520E-06,+9.910000E+37,+6.488580E-01,      2176,+6.000000E-02
+6.868500E-02,+4.317720E-06,+9.910000E+37,+6.511870E-01,      2176,+7.000000E-02
+8.013500E-02,+6.269440E-06,+9.910000E+37,+6.535210E-01,      2176,+8.000000E-02
+8.971800E-02,+9.842900E-06,+9.910000E+37,+6.575140E-01,      2688,+9.000000E-02
+9.634500E-02,+1.157820E-05,+9.910000E+37,+6.601000E-01,      2688,+1.000000E-01
+1.071700E-01,+1.299610E-05,+9.910000E+37,+6.624380E-01,      2688,+1.100000E-01
+1.172530E-01,+1.591360E-05,+9.910000E+37,+6.647760E-01,      2688,+1.200000E-01
+1.273060E-01,+1.852790E-05,+9.910000E+37,+6.671090E-01,      2688,+1.300000E-01
+1.375230E-01,+2.217460E-05,+9.910000E+37,+6.694550E-01,      2688,+1.400000E-01
+1.477020E-01,+2.584670E-05,+9.910000E+37,+6.717810E-01,      2688,+1.500000E-01
+1.579260E-01,+3.012160E-05,+9.910000E+37,+6.741110E-01,      2688,+1.600000E-01
+1.681020E-01,+3.548720E-05,+9.910000E+37,+6.764540E-01,      2688,+1.700000E-01
+1.783580E-01,+4.088950E-05,+9.910000E+37,+6.787970E-01,      2688,+1.800000E-01
+1.886260E-01,+4.692330E-05,+9.910000E+37,+6.811320E-01,      2688,+1.900000E-01
+1.988420E-01,+5.459620E-05,+9.910000E+37,+6.834620E-01,      2688,+2.000000E-01
+2.090890E-01,+6.342820E-05,+9.910000E+37,+6.858120E-01,      2688,+2.100000E-01
+2.193850E-01,+7.319420E-05,+9.910000E+37,+6.881410E-01,      2688,+2.200000E-01
+2.295780E-01,+8.474860E-05,+9.910000E+37,+6.904710E-01,      2688,+2.300000E-01
+2.396470E-01,+9.863000E-05,+9.910000E+37,+6.929640E-01,      2688,+2.400000E-01
+2.500910E-01,+1.113510E-04,+9.910000E+37,+6.974550E-01,      3200,+2.500000E-01
+2.600100E-01,+1.310650E-04,+9.910000E+37,+6.998130E-01,      3200,+2.600000E-01
+2.699950E-01,+1.505210E-04,+9.910000E+37,+7.021350E-01,      3200,+2.700000E-01
+2.800070E-01,+1.730080E-04,+9.910000E+37,+7.044640E-01,      3200,+2.800000E-01
+2.899960E-01,+1.990060E-04,+9.910000E+37,+7.068040E-01,      3200,+2.900000E-01
+2.999920E-01,+2.295960E-04,+9.910000E+37,+7.091390E-01,      3200,+3.000000E-01
+3.099960E-01,+2.646910E-04,+9.910000E+37,+7.114770E-01,      3200,+3.100000E-01
+3.199970E-01,+3.057350E-04,+9.910000E+37,+7.138180E-01,      3200,+3.200000E-01
+3.300030E-01,+3.533480E-04,+9.910000E+37,+7.161570E-01,      3200,+3.300000E-01
+3.399990E-01,+4.090250E-04,+9.910000E+37,+7.184830E-01,      3200,+3.400000E-01
+3.500010E-01,+4.746520E-04,+9.910000E+37,+7.208140E-01,      3200,+3.500000E-01
+3.600100E-01,+5.521760E-04,+9.910000E+37,+7.231490E-01,      3200,+3.600000E-01
+3.700010E-01,+6.438960E-04,+9.910000E+37,+7.254840E-01,      3200,+3.700000E-01
+3.800020E-01,+7.532530E-04,+9.910000E+37,+7.278180E-01,      3200,+3.800000E-01
+3.899940E-01,+8.842670E-04,+9.910000E+37,+7.301590E-01,      3200,+3.900000E-01
+3.999980E-01,+1.042167E-03,+9.910000E+37,+7.324970E-01,      3200,+4.000000E-01
+4.100090E-01,+1.234550E-03,+9.910000E+37,+7.359960E-01,      3712,+4.100000E-01
+4.199960E-01,+1.468570E-03,+9.910000E+37,+7.383410E-01,      3712,+4.200000E-01
+4.299910E-01,+1.756650E-03,+9.910000E+37,+7.406830E-01,      3712,+4.300000E-01
+4.399980E-01,+2.115550E-03,+9.910000E+37,+7.430280E-01,      3712,+4.400000E-01
+4.500030E-01,+2.565430E-03,+9.910000E+37,+7.453740E-01,      3712,+4.500000E-01
+4.599970E-01,+3.133690E-03,+9.910000E+37,+7.477080E-01,      3712,+4.600000E-01
+4.699990E-01,+3.856870E-03,+9.910000E+37,+7.500550E-01,      3712,+4.700000E-01
+4.799890E-01,+4.781850E-03,+9.910000E+37,+7.523970E-01,      3712,+4.800000E-01
+4.899710E-01,+5.964910E-03,+9.910000E+37,+7.547490E-01,      3712,+4.900000E-01
+4.999020E-01,+7.473600E-03,+9.910000E+37,+7.570940E-01,      3712,+5.000000E-01
+5.097530E-01,+9.374350E-03,+9.910000E+37,+7.594380E-01,      3712,+5.100000E-01
+5.200050E-01,+1.189300E-02,+9.910000E+37,+7.639110E-01,      4224,+5.200000E-01
+5.299830E-01,+1.494540E-02,+9.910000E+37,+7.662690E-01,      4224,+5.300000E-01
+5.399940E-01,+1.870290E-02,+9.910000E+37,+7.686090E-01,      4224,+5.400000E-01
+5.500060E-01,+2.322750E-02,+9.910000E+37,+7.709540E-01,      4224,+5.500000E-01
+5.599950E-01,+2.854340E-02,+9.910000E+37,+7.732930E-01,      4224,+5.600000E-01
+5.699870E-01,+3.467220E-02,+9.910000E+37,+7.756320E-01,      4224,+5.700000E-01
+5.799960E-01,+4.162960E-02,+9.910000E+37,+7.779840E-01,      4224,+5.800000E-01
+5.899960E-01,+4.934240E-02,+9.910000E+37,+7.803190E-01,      4224,+5.900000E-01
+5.999920E-01,+5.778170E-02,+9.910000E+37,+7.826580E-01,      4224,+6.000000E-01
+6.099970E-01,+6.688640E-02,+9.910000E+37,+7.850070E-01,      4224,+6.100000E-01
+6.200000E-01,+7.659370E-02,+9.910000E+37,+7.873490E-01,      4224,+6.200000E-01
+6.300070E-01,+8.684690E-02,+9.910000E+37,+7.896940E-01,      4224,+6.300000E-01
+6.400080E-01,+9.759040E-02,+9.910000E+37,+7.920500E-01,      4224,+6.400000E-01
+6.500030E-01,+1.194880E-01,+9.910000E+37,+8.038850E-01,      4736,+6.500000E-01
+6.599970E-01,+1.326020E-01,+9.910000E+37,+8.063980E-01,      4736,+6.600000E-01
+6.699870E-01,+1.461200E-01,+9.910000E+37,+8.087210E-01,      4736,+6.700000E-01
+6.799910E-01,+1.600500E-01,+9.910000E+37,+8.110390E-01,      4736,+6.800000E-01
+6.899810E-01,+1.743100E-01,+9.910000E+37,+8.133540E-01,      4736,+6.900000E-01
+6.999960E-01,+1.888730E-01,+9.910000E+37,+8.156610E-01,      4736,+7.000000E-01
+7.099990E-01,+2.037230E-01,+9.910000E+37,+8.179790E-01,      4736,+7.100000E-01
+7.200000E-01,+2.188310E-01,+9.910000E+37,+8.202880E-01,      4736,+7.200000E-01
+7.299930E-01,+2.341470E-01,+9.910000E+37,+8.226010E-01,      4736,+7.300000E-01
+7.399920E-01,+2.497260E-01,+9.910000E+37,+8.249040E-01,      4736,+7.400000E-01
+7.500130E-01,+2.654730E-01,+9.910000E+37,+8.272190E-01,      4736,+7.500000E-01
+7.599990E-01,+2.813840E-01,+9.910000E+37,+8.295200E-01,      4736,+7.600000E-01
+7.699950E-01,+2.974540E-01,+9.910000E+37,+8.318270E-01,      4736,+7.700000E-01
+7.799970E-01,+3.137170E-01,+9.910000E+37,+8.341340E-01,      4736,+7.800000E-01
+7.890260E-01,+3.284900E-01,+9.910000E+37,+8.364570E-01,      4736,+7.900000E-01
+7.899380E-01,+3.299850E-01,+9.910000E+37,+8.387700E-01,      4742,+8.000000E-01
+7.899550E-01,+3.300270E-01,+9.910000E+37,+8.410580E-01,      4742,+8.100000E-01
+7.899530E-01,+3.300170E-01,+9.910000E+37,+8.433530E-01,      4742,+8.200000E-01
+7.899610E-01,+3.300540E-01,+9.910000E+37,+8.456350E-01,      4742,+8.300000E-01
+7.899490E-01,+3.300580E-01,+9.910000E+37,+8.479320E-01,      4742,+8.400000E-01
+7.899500E-01,+3.300240E-01,+9.910000E+37,+8.502220E-01,      4742,+8.500000E-01
+7.899230E-01,+3.300030E-01,+9.910000E+37,+8.525210E-01,      4742,+8.600000E-01
+7.899380E-01,+3.300230E-01,+9.910000E+37,+8.548130E-01,      4742,+8.700000E-01
+7.899200E-01,+3.300060E-01,+9.910000E+37,+8.571010E-01,      4742,+8.800000E-01
+7.899350E-01,+3.299960E-01,+9.910000E+37,+8.593930E-01,      4742,+8.900000E-01
+7.899580E-01,+3.300640E-01,+9.910000E+37,+8.616860E-01,      4742,+9.000000E-01
+7.899090E-01,+3.299860E-01,+9.910000E+37,+8.639870E-01,      4742,+9.100000E-01
+7.899220E-01,+3.299990E-01,+9.910000E+37,+8.662760E-01,      4742,+9.200000E-01
+7.899370E-01,+3.300310E-01,+9.910000E+37,+8.685850E-01,      4742,+9.300000E-01
+7.899140E-01,+3.300080E-01,+9.910000E+37,+8.708840E-01,      4742,+9.400000E-01
+7.899260E-01,+3.300070E-01,+9.910000E+37,+8.731790E-01,      4742,+9.500000E-01
+7.899180E-01,+3.299810E-01,+9.910000E+37,+8.754760E-01,      4742,+9.600000E-01
+7.898960E-01,+3.300030E-01,+9.910000E+37,+8.777670E-01,      4742,+9.700000E-01
+7.899420E-01,+3.300320E-01,+9.910000E+37,+8.800560E-01,      4742,+9.800000E-01
+7.898850E-01,+3.299750E-01,+9.910000E+37,+8.823510E-01,      4742,+9.900000E-01
+7.898860E-01,+3.300120E-01,+9.910000E+37,+8.846710E-01,      4742,+1.000000E+00
